{"gan_crosslid": 46.3708967221094, "cgan_crosslid": 3.8996491571944905, "dcgan_crosslid": 4.473789865998341}