{"gan_crosslid": 13.82009053942776, "cgan_crosslid": 3.9030005574212074, "dcgan_crosslid": 4.475483505770102}