{"gan_crosslid": 4.576872990983394, "cgan_crosslid": 3.8521148368979716, "dcgan_crosslid": 4.440219306984795}