{"gan_crosslid": 6.657526903015742, "cgan_crosslid": 3.938970060003391, "dcgan_crosslid": 4.536766117661963}