{"dcgan_crosslid": 4.525804268709536, "cgan_crosslid": 3.9109599664611756, "gan_crosslid": 16.959411322866078}