{"gan_crosslid": 23.73000955181087, "cgan_crosslid": 3.9121672902226665, "dcgan_crosslid": 4.475781292508166}