{"gan_crosslid": 42.29300229154231, "cgan_crosslid": 3.9518779439044875, "dcgan_crosslid": 4.567233907381245}