{"gan_crosslid": 36.56575611313195, "cgan_crosslid": 3.8863379759096666, "dcgan_crosslid": 4.590919736234385}