{"gan_crosslid": 29.48347145930893, "cgan_crosslid": 3.9133565018915752, "dcgan_crosslid": 4.520846969505015}