{"gan_crosslid": 25.703792905464223, "cgan_crosslid": 3.920490922911497, "dcgan_crosslid": 4.523620530708994}