{"gan_crosslid": 6.142834292027014, "cgan_crosslid": 4.099356484918412, "dcgan_crosslid": 6.593692025990455}