{"gan_crosslid": 18.173942392874327, "cgan_crosslid": 3.9283256005179843, "dcgan_crosslid": 4.504525994620096}