{"gan_crosslid": 7.949834738640823, "cgan_crosslid": 632.8258358076996, "dcgan_crosslid": 7.872843013890125}