{"gan_crosslid": 63.25153978516841, "cgan_crosslid": 3.9061462465795382, "dcgan_crosslid": 4.447526454144531}