{"gan_crosslid": 57.22195949898006, "cgan_crosslid": 3.9186692692560348, "dcgan_crosslid": 4.525767403378861}