{"gan_crosslid": 16.1188827897849, "cgan_crosslid": 5.291621564340261, "dcgan_crosslid": 6.178040528776118}