{"gan_crosslid": 13.533745822373591, "cgan_crosslid": 3.932076100968349, "dcgan_crosslid": 4.493932134127525}