{"gan_crosslid": 39.185840241013715, "cgan_crosslid": 3.936951355566572, "dcgan_crosslid": 4.483291783023595}