{"gan_crosslid": 4.631637697365641, "cgan_crosslid": 3.8604588653654943, "dcgan_crosslid": 4.515033348207037}