{"gan_crosslid": 4.822226632341117, "cgan_crosslid": 3.8514817476563663, "dcgan_crosslid": 4.405019812593317}