{"gan_crosslid": 4.5493103652285765, "cgan_crosslid": 3.922410351581905, "dcgan_crosslid": 4.508800789521049}