{"gan_crosslid": 16.69008090855243, "cgan_crosslid": 3.897252947662642, "dcgan_crosslid": 4.5057691514726965}