{"gan_crosslid": 5.352067989463223, "cgan_crosslid": 3.9194009772873506, "dcgan_crosslid": 4.626207118708897}